"","Position","ConsistencyIndex","CountsACGT","MinimumNumberChangesOnTree","Min.No.ChangesonTree","bp","minor.variant.fraction","dist.nearest.homoplasy","N.nearest.neighbour.has.homoplasy","N.nearest.neighbour.lacks.homoplasy","N.nearest.neighbour.intermediate","proportion.with.N.within.local.region","isolates.in.dataset.with.N","N.isolates.with.homoplasy","originating_labs","submitting_labs","countries","proportion_alt2_vs_alt1"
"187",187,0.2,"46282:0:346:0",5,5,187,0.00740566340617709,1,NA,NA,NA,NA,NA,346,58,48,23,0
"222",222,0.0526315789473684,"0:46573:0:57",19,19,222,0.00122000813338756,1,NA,NA,NA,NA,NA,57,25,13,6,0
"241",241,0.0212765957446809,"0:10275:0:36237",47,47,241,0.775604118062541,1,NA,NA,NA,NA,NA,36237,937,441,91,0
"313",313,0.0163934426229508,"0:45648:0:940",61,61,313,0.0201194323751632,6,NA,NA,NA,NA,NA,940,170,106,39,0
"379",379,0.2,"254:46437:0:0",5,5,379,0.00543652747158665,2,NA,NA,NA,NA,NA,254,26,20,4,0
"490",490,0.166666666666667,"310:0:0:46396",6,6,490,0.00663513195351127,1,NA,NA,NA,NA,NA,310,70,59,11,0.0032258064516129
"514",514,0.166666666666667,"0:234:0:46395",6,6,514,0.00500845444232786,1,NA,NA,NA,NA,NA,234,46,30,22,0.00427350427350427
"619",619,0.2,"0:46652:0:57",5,5,619,0.00122000813338756,2,NA,NA,NA,NA,NA,57,14,14,4,0
"715",715,0.5,"0:46660:0:58",2,2,715,0.0012414117848505,2,NA,NA,NA,NA,NA,58,4,3,1,0
"823",823,0.0714285714285714,"0:46666:0:49",14,14,823,0.00104877892168404,6,NA,NA,NA,NA,NA,49,21,15,8,0
"829",829,0.0555555555555556,"0:46650:0:65",18,18,829,0.00139123734509107,3,NA,NA,NA,NA,NA,65,19,17,10,0
"833",833,0.25,"0:193:0:46524",4,4,833,0.00413090473234734,1,NA,NA,NA,NA,NA,193,34,31,4,0
"884",884,0.0909090909090909,"0:46605:0:110",11,11,884,0.00235440166092335,1,NA,NA,NA,NA,NA,110,46,40,23,0.00909090909090909
"988",988,0.333333333333333,"0:46664:0:57",3,3,988,0.00122000813338756,7,NA,NA,NA,NA,NA,57,8,3,2,0
"1059",1059,0.0454545454545455,"0:37412:0:9257",22,22,1059,0.198133601592432,1,NA,NA,NA,NA,NA,9257,399,222,64,0
"1076",1076,0.25,"0:46632:0:80",4,4,1076,0.00171229211703517,1,NA,NA,NA,NA,NA,80,4,6,2,0
"1101",1101,0.0909090909090909,"0:46656:0:57",11,11,1101,0.00122000813338756,1,NA,NA,NA,NA,NA,57,13,11,7,0
"1163",1163,0.111111111111111,"46447:0:0:265",9,9,1163,0.00567196763767899,2,NA,NA,NA,NA,NA,265,13,15,2,0.00754716981132075
"1170",1170,0.0833333333333333,"0:46644:0:65",12,12,1170,0.00139123734509107,5,NA,NA,NA,NA,NA,65,14,13,6,0
"1190",1190,0.0714285714285714,"0:46664:0:49",14,14,1190,0.00104877892168404,1,NA,NA,NA,NA,NA,49,15,12,8,0.0204081632653061
"1191",1191,0.0555555555555556,"0:46655:0:54",18,18,1191,0.00115579717899874,1,NA,NA,NA,NA,NA,54,23,20,10,0.0185185185185185
"1218",1218,0.0476190476190476,"0:46657:0:56",21,21,1218,0.00119860448192462,3,NA,NA,NA,NA,NA,56,21,20,12,0
"1302",1302,0.0769230769230769,"0:46596:0:120",13,13,1302,0.00256843817555275,4,NA,NA,NA,NA,NA,120,12,10,9,0.00833333333333333
"1397",1397,0.142857142857143,"316:0:46403:0",7,7,1397,0.00676355386228891,4,NA,NA,NA,NA,NA,316,74,73,33,0
"1401",1401,0.2,"129:0:46590:0",5,5,1401,0.00276107103871921,2,NA,NA,NA,NA,NA,129,6,6,4,0
"1420",1420,0.0769230769230769,"0:46570:0:145",13,13,1420,0.00310352946212624,1,NA,NA,NA,NA,NA,145,10,7,5,0
"1437",1437,0.0833333333333333,"0:46634:0:84",12,12,1437,0.00179790672288692,2,NA,NA,NA,NA,NA,84,18,12,7,0
"1440",1440,0.2,"547:0:46163:0",5,5,1440,0.0117077973502279,1,NA,NA,NA,NA,NA,547,87,51,29,0
"1441",1441,0.1,"0:46589:0:131",10,10,1441,0.00280387834164508,1,NA,NA,NA,NA,NA,131,9,6,3,0
"1457",1457,0.0555555555555556,"0:46615:0:99",18,18,1457,0.00211896149483102,1,NA,NA,NA,NA,NA,99,27,19,9,0
"1515",1515,0.5,"46518:0:193:0",2,2,1515,0.00413090473234734,1,NA,NA,NA,NA,NA,193,50,34,17,0
"1593",1593,0.0526315789473684,"0:46657:0:54",19,19,1593,0.00115579717899874,1,NA,NA,NA,NA,NA,54,22,15,9,0
"1594",1594,0.0909090909090909,"0:46466:0:246",11,11,1594,0.00526529825988314,1,NA,NA,NA,NA,NA,246,25,23,15,0
"1616",1616,0.25,"0:46584:0:134",4,4,1616,0.0028680892960339,3,NA,NA,NA,NA,NA,134,9,8,4,0
"1684",1684,0.0714285714285714,"0:46631:0:76",14,14,1684,0.00162667751118341,1,NA,NA,NA,NA,NA,76,17,15,10,0
"1812",1812,0.1,"0:46583:0:126",10,10,1812,0.00269686008433039,4,NA,NA,NA,NA,NA,126,13,9,6,0
"1820",1820,0.0333333333333333,"101:0:46605:0",30,30,1820,0.0021617687977569,5,NA,NA,NA,NA,NA,101,40,27,13,0
"1887",1887,0.2,"0:46635:0:62",5,5,1887,0.00132702639070225,2,NA,NA,NA,NA,NA,62,11,5,2,0
"1912",1912,0.0333333333333333,"0:46569:0:138",30,30,1912,0.00295370390188566,1,NA,NA,NA,NA,NA,138,34,30,15,0.0217391304347826
"1917",1917,0.0909090909090909,"0:46599:0:114",11,11,1917,0.00244001626677511,2,NA,NA,NA,NA,NA,114,21,22,5,0
"1968",1968,0.1,"0:46622:0:87",10,10,1968,0.00186211767727574,5,NA,NA,NA,NA,NA,87,13,10,6,0
"1980",1980,0.5,"64:0:46648:0",2,2,1980,0.00136983369362813,1,NA,NA,NA,NA,NA,64,4,4,2,0
"2113",2113,0.0833333333333333,"0:46588:0:123",12,12,2113,0.00263264912994157,3,NA,NA,NA,NA,NA,123,27,23,15,0
"2161",2161,0.333333333333333,"46618:0:99:0",3,3,2161,0.00211896149483102,1,NA,NA,NA,NA,NA,99,3,3,2,0.0101010101010101
"2416",2416,0.142857142857143,"0:45950:0:759",7,7,2416,0.0162453714603711,9,NA,NA,NA,NA,NA,759,128,92,41,0
"2480",2480,0.5,"45656:0:1048:0",2,2,2480,0.0224310267331607,5,NA,NA,NA,NA,NA,1048,80,59,29,0
"2508",2508,0.1,"0:46653:0:60",10,10,2508,0.00128421908777637,1,NA,NA,NA,NA,NA,60,9,7,5,0.0333333333333333
"2558",2558,0.2,"0:45594:0:1109",5,5,2558,0.0237366494724,1,NA,NA,NA,NA,NA,1109,83,61,29,0
"2638",2638,0.2,"0:46611:0:67",5,5,2638,0.00143404464801695,1,NA,NA,NA,NA,NA,67,7,6,5,0
"2706",2706,0.1,"0:46617:0:55",10,10,2706,0.00117720083046168,2,NA,NA,NA,NA,NA,55,10,8,7,0
"2836",2836,0.0833333333333333,"0:46544:0:144",12,12,2836,0.0030821258106633,2,NA,NA,NA,NA,NA,144,21,6,4,0
"2891",2891,0.333333333333333,"499:0:46162:0",3,3,2891,0.0106804220800068,1,NA,NA,NA,NA,NA,499,84,51,29,0.00200400801603206
"2940",2940,0.125,"0:46585:0:124",8,8,2940,0.00265405278140451,1,NA,NA,NA,NA,NA,124,20,12,8,0
"2942",2942,0.5,"0:46647:0:65",2,2,2942,0.00139123734509107,2,NA,NA,NA,NA,NA,65,15,8,5,0
"3037",3037,0.0208333333333333,"0:10330:0:36291",48,48,3037,0.77675991524154,3,NA,NA,NA,NA,NA,36291,932,437,91,0
"3096",3096,0.0454545454545455,"0:46626:0:69",22,22,3096,0.00147685195094283,1,NA,NA,NA,NA,NA,69,26,21,10,0
"3140",3140,0.125,"0:46640:0:68",8,8,3140,0.00145544829947989,4,NA,NA,NA,NA,NA,68,8,7,5,0
"3177",3177,0.0526315789473684,"0:46367:0:337",19,19,3177,0.00721303054301064,1,NA,NA,NA,NA,NA,337,76,61,12,0.00890207715133531
"3373",3373,0.333333333333333,"223:46491:0:0",3,3,3373,0.00477301427623553,2,NA,NA,NA,NA,NA,223,61,41,22,0.00896860986547085
"3411",3411,0.0833333333333333,"0:46663:0:56",12,12,3411,0.00119860448192462,8,NA,NA,NA,NA,NA,56,13,12,6,0
"3543",3543,0.333333333333333,"0:46630:0:52",3,3,3543,0.00111298987607286,2,NA,NA,NA,NA,NA,52,3,3,2,0
"3551",3551,0.333333333333333,"0:46602:0:67",3,3,3551,0.00143404464801695,1,NA,NA,NA,NA,NA,67,4,3,3,0.0149253731343284
"3634",3634,0.142857142857143,"0:46598:0:78",7,7,3634,0.00166948481410929,1,NA,NA,NA,NA,NA,78,26,16,6,0
"3737",3737,0.1,"0:46520:0:98",10,10,3737,0.00209755784336808,1,NA,NA,NA,NA,NA,98,14,8,4,0
"3787",3787,0.1,"0:46597:0:65",10,10,3787,0.00139123734509107,3,NA,NA,NA,NA,NA,65,20,12,8,0
"3871",3871,0.111111111111111,"0:0:46500:191",9,9,3871,0.00408809742942146,3,NA,NA,NA,NA,NA,191,11,10,4,0.00523560209424084
"3892",3892,0.5,"0:0:46600:86",2,2,3892,0.0018407140258128,3,NA,NA,NA,NA,NA,86,6,5,2,0.0348837209302326
"3931",3931,0.25,"0:167:0:46530",4,4,3931,0.00357440979431091,16,NA,NA,NA,NA,NA,167,5,5,2,0
"4002",4002,0.2,"0:46220:0:473",5,5,4002,0.0101239271419704,4,NA,NA,NA,NA,NA,473,69,47,31,0
"4084",4084,0.0555555555555556,"0:46663:0:53",18,18,4084,0.0011343935275358,6,NA,NA,NA,NA,NA,53,17,12,7,0
"4113",4113,0.0833333333333333,"0:46665:0:48",12,12,4113,0.0010273752702211,8,NA,NA,NA,NA,NA,48,17,17,9,0
"4226",4226,0.5,"0:46593:0:124",2,2,4226,0.00265405278140451,4,NA,NA,NA,NA,NA,124,2,2,1,0.00806451612903226
"4300",4300,0.0555555555555556,"0:0:46661:55",18,18,4300,0.00117720083046168,3,NA,NA,NA,NA,NA,55,19,12,9,0
"4320",4320,0.166666666666667,"0:46661:0:52",6,6,4320,0.00111298987607286,1,NA,NA,NA,NA,NA,52,13,12,6,0
"4354",4354,0.125,"98:0:46617:0",8,8,4354,0.00209755784336808,3,NA,NA,NA,NA,NA,98,3,2,1,0.0204081632653061
"4390",4390,0.333333333333333,"0:0:46654:67",3,3,4390,0.00143404464801695,3,NA,NA,NA,NA,NA,67,16,9,6,0
"4402",4402,0.5,"0:48:0:46672",2,2,4402,0.0010273752702211,2,NA,NA,NA,NA,NA,48,12,10,3,0
"4540",4540,0.0909090909090909,"0:46428:0:256",11,11,4540,0.00547933477451253,3,NA,NA,NA,NA,NA,256,39,32,10,0
"4582",4582,0.1,"0:46633:0:49",10,10,4582,0.00104877892168404,3,NA,NA,NA,NA,NA,49,15,13,7,0
"4668",4668,0.25,"0:46662:0:52",4,4,4668,0.00111298987607286,3,NA,NA,NA,NA,NA,52,17,11,7,0
"5062",5062,0.5,"0:0:46657:48",2,2,5062,0.0010273752702211,1,NA,NA,NA,NA,NA,48,12,10,3,0.0625
"5183",5183,0.0555555555555556,"0:46628:0:50",18,18,5183,0.00107018257314698,1,NA,NA,NA,NA,NA,50,24,20,5,0
"5184",5184,0.0909090909090909,"0:46602:0:64",11,11,5184,0.00136983369362813,1,NA,NA,NA,NA,NA,64,10,10,7,0
"5310",5310,0.125,"0:46573:0:50",8,8,5310,0.00107018257314698,1,NA,NA,NA,NA,NA,50,11,8,5,0
"5512",5512,0.0666666666666667,"0:46562:0:78",15,15,5512,0.00166948481410929,6,NA,NA,NA,NA,NA,78,17,14,8,0
"5572",5572,0.0833333333333333,"0:0:46536:109",12,12,5572,0.00233299800946041,2,NA,NA,NA,NA,NA,109,15,12,6,0.036697247706422
"5617",5617,0.5,"0:0:46656:64",2,2,5617,0.00136983369362813,1,NA,NA,NA,NA,NA,64,3,2,2,0.015625
"5672",5672,0.0833333333333333,"0:46573:0:140",12,12,5672,0.00299651120481154,7,NA,NA,NA,NA,NA,140,11,10,7,0.0142857142857143
"5700",5700,0.166666666666667,"199:46514:0:0",6,6,5700,0.00425932664112498,4,NA,NA,NA,NA,NA,199,21,12,3,0.0100502512562814
"5730",5730,0.0588235294117647,"0:46658:0:58",17,17,5730,0.0012414117848505,6,NA,NA,NA,NA,NA,58,27,21,11,0
"6026",6026,0.0555555555555556,"0:46558:0:153",18,18,6026,0.00327475867382976,1,NA,NA,NA,NA,NA,153,25,18,12,0
"6027",6027,0.0769230769230769,"0:46651:0:57",13,13,6027,0.00122000813338756,1,NA,NA,NA,NA,NA,57,20,16,7,0.0701754385964912
"6040",6040,0.0476190476190476,"0:46527:0:184",21,21,6040,0.00393827186918088,3,NA,NA,NA,NA,NA,184,49,40,11,0
"6310",6310,0.333333333333333,"426:46201:0:0",3,3,6310,0.00911795552321226,1,NA,NA,NA,NA,NA,426,18,17,4,0.0633802816901408
"6312",6312,0.142857142857143,"807:45866:0:0",7,7,6312,0.0172727467305922,1,NA,NA,NA,NA,NA,807,105,83,27,0.0136307311028501
"6380",6380,0.333333333333333,"0:46586:0:83",3,3,6380,0.00177650307142399,4,NA,NA,NA,NA,NA,83,5,3,1,0.0120481927710843
"6402",6402,0.0625,"0:46642:0:51",16,16,6402,0.00109158622460992,1,NA,NA,NA,NA,NA,51,20,14,9,0
"6445",6445,0.0909090909090909,"0:46586:0:97",11,11,6445,0.00207615419190514,1,NA,NA,NA,NA,NA,97,10,9,4,0
"6472",6472,0.333333333333333,"0:46635:0:47",3,3,6472,0.00100597161875816,3,NA,NA,NA,NA,NA,47,4,4,3,0.0212765957446809
"6573",6573,0.0625,"0:46473:0:234",16,16,6573,0.00500845444232786,5,NA,NA,NA,NA,NA,234,33,25,15,0
"6651",6651,0.1,"0:46649:0:64",10,10,6651,0.00136983369362813,2,NA,NA,NA,NA,NA,64,11,9,4,0
"6693",6693,0.2,"46644:0:62:0",5,5,6693,0.00132702639070225,1,NA,NA,NA,NA,NA,62,6,5,4,0
"6696",6696,0.111111111111111,"0:46580:0:97",9,9,6696,0.00207615419190514,1,NA,NA,NA,NA,NA,97,24,10,7,0
"6723",6723,0.1,"0:46634:0:72",10,10,6723,0.00154106290533165,3,NA,NA,NA,NA,NA,72,14,12,6,0
"6982",6982,0.2,"0:46578:0:50",5,5,6982,0.00107018257314698,1,NA,NA,NA,NA,NA,50,7,5,5,0
"6990",6990,0.0769230769230769,"0:46524:0:110",13,13,6990,0.00235440166092335,6,NA,NA,NA,NA,NA,110,25,19,8,0
"7011",7011,0.0909090909090909,"0:46500:0:134",11,11,7011,0.0028680892960339,1,NA,NA,NA,NA,NA,134,38,22,14,0
"7420",7420,0.05,"0:46570:0:142",20,20,7420,0.00303931850773742,3,NA,NA,NA,NA,NA,142,21,16,11,0
"7423",7423,0.166666666666667,"0:46654:0:61",6,6,7423,0.00130562273923931,3,NA,NA,NA,NA,NA,61,10,2,1,0
"7438",7438,0.2,"0:116:0:46600",5,5,7438,0.00248282356970099,3,NA,NA,NA,NA,NA,116,14,11,4,0
"7479",7479,0.25,"46663:0:51:0",4,4,7479,0.00109158622460992,1,NA,NA,NA,NA,NA,51,20,14,8,0
"7600",7600,0.05,"0:46654:0:57",20,20,7600,0.00122000813338756,4,NA,NA,NA,NA,NA,57,17,14,9,0
"7765",7765,0.0625,"0:46534:0:174",16,16,7765,0.00372423535455149,1,NA,NA,NA,NA,NA,174,41,28,16,0.0172413793103448
"7798",7798,0.0588235294117647,"0:0:46621:89",17,17,7798,0.00190492498020162,6,NA,NA,NA,NA,NA,89,24,17,11,0
"7815",7815,0.2,"0:46657:0:55",5,5,7815,0.00117720083046168,4,NA,NA,NA,NA,NA,55,7,5,2,0
"7834",7834,0.0666666666666667,"0:46629:0:86",15,15,7834,0.0018407140258128,9,NA,NA,NA,NA,NA,86,17,14,9,0
"7851",7851,0.111111111111111,"0:46661:0:55",9,9,7851,0.00117720083046168,7,NA,NA,NA,NA,NA,55,10,8,7,0
"8090",8090,0.1,"0:46666:0:51",10,10,8090,0.00109158622460992,2,NA,NA,NA,NA,NA,51,21,14,7,0
"8371",8371,0.1,"0:0:46580:111",10,10,8371,0.00237580531238629,3,NA,NA,NA,NA,NA,111,45,41,25,0.00900900900900901
"8389",8389,0.166666666666667,"0:46611:0:79",6,6,8389,0.00169088846557223,3,NA,NA,NA,NA,NA,79,38,18,5,0
"8653",8653,0.166666666666667,"0:0:46545:111",6,6,8653,0.00237580531238629,2,NA,NA,NA,NA,NA,111,42,36,20,0.00900900900900901
"8683",8683,0.1,"0:46585:0:62",10,10,8683,0.00132702639070225,2,NA,NA,NA,NA,NA,62,11,8,5,0.0161290322580645
"8782",8782,0.03125,"0:43019:0:3636",32,32,8782,0.0778236767192483,3,NA,NA,NA,NA,NA,3636,346,217,56,0
"8917",8917,0.0588235294117647,"0:46609:0:110",17,17,8917,0.00235440166092335,18,NA,NA,NA,NA,NA,110,24,17,7,0
"8950",8950,0.0909090909090909,"0:46632:0:84",11,11,8950,0.00179790672288692,3,NA,NA,NA,NA,NA,84,20,20,9,0
"9223",9223,0.0769230769230769,"0:46480:0:228",13,13,9223,0.00488003253355022,1,NA,NA,NA,NA,NA,228,57,40,23,0
"9246",9246,0.0625,"0:46633:0:67",16,16,9246,0.00143404464801695,3,NA,NA,NA,NA,NA,67,19,15,11,0
"9286",9286,0.0909090909090909,"0:46616:0:64",11,11,9286,0.00136983369362813,6,NA,NA,NA,NA,NA,64,12,10,8,0
"9430",9430,0.0303030303030303,"0:46611:0:74",33,33,9430,0.00158387020825753,1,NA,NA,NA,NA,NA,74,34,26,12,0.027027027027027
"9438",9438,0.0294117647058824,"0:46502:0:178",34,34,9438,0.00380984996040324,1,NA,NA,NA,NA,NA,178,31,20,10,0
"9474",9474,0.025,"0:46607:0:69",40,40,9474,0.00147685195094283,1,NA,NA,NA,NA,NA,69,31,22,14,0
"9477",9477,0.5,"615:0:0:46069",2,2,9477,0.0131632456497078,2,NA,NA,NA,NA,NA,615,89,59,26,0
"9479",9479,0.032258064516129,"0:0:46643:61",31,31,9479,0.00130562273923931,2,NA,NA,NA,NA,NA,61,36,30,16,0
"9491",9491,0.03125,"0:46657:0:55",32,32,9491,0.00117720083046168,6,NA,NA,NA,NA,NA,55,31,23,15,0
"9598",9598,0.333333333333333,"0:46634:0:74",3,3,9598,0.00158387020825753,5,NA,NA,NA,NA,NA,74,16,9,6,0
"9693",9693,0.05,"0:46624:0:80",20,20,9693,0.00171229211703517,4,NA,NA,NA,NA,NA,80,21,17,11,0
"9724",9724,0.111111111111111,"0:46635:0:74",9,9,9724,0.00158387020825753,9,NA,NA,NA,NA,NA,74,13,10,4,0
"9857",9857,0.0625,"0:46652:0:64",16,16,9857,0.00136983369362813,1,NA,NA,NA,NA,NA,64,19,14,7,0
"9924",9924,0.0714285714285714,"0:46664:0:49",14,14,9924,0.00104877892168404,1,NA,NA,NA,NA,NA,49,15,13,6,0.0204081632653061
"9967",9967,0.0833333333333333,"0:46662:0:54",12,12,9967,0.00115579717899874,1,NA,NA,NA,NA,NA,54,21,20,8,0
"10097",10097,0.125,"1470:0:45205:0",8,8,10097,0.0314633676505212,1,NA,NA,NA,NA,NA,1470,81,51,34,0
"10188",10188,0.25,"0:46503:0:130",4,4,10188,0.00278247469018215,1,NA,NA,NA,NA,NA,130,13,13,3,0
"10262",10262,0.5,"53:0:46622:0",2,2,10262,0.0011343935275358,6,NA,NA,NA,NA,NA,53,5,4,1,0
"10319",10319,0.0909090909090909,"0:46385:0:290",11,11,10319,0.00620705892425248,2,NA,NA,NA,NA,NA,290,32,30,8,0
"10323",10323,0.0212765957446809,"46424:0:236:0",47,47,10323,0.00505126174525374,1,NA,NA,NA,NA,NA,236,48,39,20,0
"10369",10369,0.0357142857142857,"0:46495:0:192",28,28,10369,0.0041095010808844,1,NA,NA,NA,NA,NA,192,31,20,11,0
"10376",10376,0.0714285714285714,"0:46625:0:63",14,14,10376,0.00134843004216519,1,NA,NA,NA,NA,NA,63,14,12,9,0
"10507",10507,0.0909090909090909,"0:46562:0:150",11,11,10507,0.00321054771944094,9,NA,NA,NA,NA,NA,150,36,22,13,0
"10582",10582,0.05,"0:46620:0:95",20,20,10582,0.00203334688897926,6,NA,NA,NA,NA,NA,95,31,23,17,0
"10626",10626,0.04,"0:46647:0:64",25,25,10626,0.00136983369362813,3,NA,NA,NA,NA,NA,64,23,19,11,0
"10712",10712,0.5,"0:46667:0:53",2,2,10712,0.0011343935275358,10,NA,NA,NA,NA,NA,53,10,9,2,0
"10798",10798,0.5,"583:46012:0:0",2,2,10798,0.0124783288028938,4,NA,NA,NA,NA,NA,583,8,2,1,0.00514579759862779
"10851",10851,0.0909090909090909,"0:46553:0:85",11,11,10851,0.00181931037434986,2,NA,NA,NA,NA,NA,85,22,23,4,0
"10948",10948,0.333333333333333,"46595:0:103:0",3,3,10948,0.00220457610068278,6,NA,NA,NA,NA,NA,103,28,15,7,0
"11001",11001,0.142857142857143,"0:46623:0:89",7,7,11001,0.00190492498020162,2,NA,NA,NA,NA,NA,89,13,3,2,0
"11074",11074,0.0172413793103448,"0:46446:0:133",58,58,11074,0.00284668564457096,1,NA,NA,NA,NA,NA,133,55,42,20,0
"11083",11083,0.00395256916996047,"0:0:41821:4659",253,253,11083,0.0997196121658355,8,NA,NA,NA,NA,NA,4659,347,230,77,0.0017171066752522
"11109",11109,0.0625,"0:46459:0:255",16,16,11109,0.00545793112304959,2,NA,NA,NA,NA,NA,255,30,22,17,0
"11195",11195,0.1,"0:46595:0:120",10,10,11195,0.00256843817555275,5,NA,NA,NA,NA,NA,120,30,18,10,0
"11221",11221,0.333333333333333,"0:0:46630:86",3,3,11221,0.0018407140258128,1,NA,NA,NA,NA,NA,86,4,4,2,0.0116279069767442
"11320",11320,0.25,"0:61:0:46659",4,4,11320,0.00130562273923931,2,NA,NA,NA,NA,NA,61,4,4,2,0
"11379",11379,0.166666666666667,"0:46659:0:52",6,6,11379,0.00111298987607286,4,NA,NA,NA,NA,NA,52,8,8,4,0
"11417",11417,0.0333333333333333,"0:0:46605:98",30,30,11417,0.00209755784336808,1,NA,NA,NA,NA,NA,98,28,25,15,0.0204081632653061
"11575",11575,0.0714285714285714,"0:46645:0:58",14,14,11575,0.0012414117848505,3,NA,NA,NA,NA,NA,58,16,12,6,0.0172413793103448
"11596",11596,0.111111111111111,"0:0:46657:57",9,9,11596,0.00122000813338756,1,NA,NA,NA,NA,NA,57,10,10,5,0
"11638",11638,0.5,"0:66:0:46653",2,2,11638,0.00141264099655401,4,NA,NA,NA,NA,NA,66,16,16,10,0
"11752",11752,0.2,"0:46645:0:70",5,5,11752,0.00149825560240577,1,NA,NA,NA,NA,NA,70,17,9,4,0.0142857142857143
"11801",11801,0.1,"176:0:46543:0",10,10,11801,0.00376704265747737,3,NA,NA,NA,NA,NA,176,11,6,4,0
"11916",11916,0.05,"0:46098:0:616",20,20,11916,0.0131846493011708,3,NA,NA,NA,NA,NA,616,75,61,17,0
"12199",12199,0.25,"46605:0:116:0",4,4,12199,0.00248282356970099,3,NA,NA,NA,NA,NA,116,2,2,2,0
"12400",12400,0.0714285714285714,"0:46665:0:49",14,14,12400,0.00104877892168404,3,NA,NA,NA,NA,NA,49,25,19,12,0
"12550",12550,0.5,"74:0:46646:0",2,2,12550,0.00158387020825753,3,NA,NA,NA,NA,NA,74,4,4,2,0
"12710",12710,0.2,"0:46537:0:181",5,5,12710,0.00387406091479206,8,NA,NA,NA,NA,NA,181,7,5,4,0.00552486187845304
"12781",12781,0.0714285714285714,"0:46663:0:57",14,14,12781,0.00122000813338756,2,NA,NA,NA,NA,NA,57,19,14,11,0
"12880",12880,0.0588235294117647,"0:46620:0:98",17,17,12880,0.00209755784336808,3,NA,NA,NA,NA,NA,98,20,17,10,0.0102040816326531
"12915",12915,0.142857142857143,"0:46627:0:90",7,7,12915,0.00192632863166456,4,NA,NA,NA,NA,NA,90,10,8,6,0
"13458",13458,0.0526315789473684,"0:46582:0:98",19,19,13458,0.00209755784336808,1,NA,NA,NA,NA,NA,98,17,12,9,0
"13536",13536,0.0588235294117647,"0:46159:0:507",17,17,13536,0.0108516512917104,12,NA,NA,NA,NA,NA,507,79,56,34,0
"13665",13665,0.0909090909090909,"0:46576:0:136",11,11,13665,0.00291089659895978,2,NA,NA,NA,NA,NA,136,15,14,7,0.0294117647058824
"13730",13730,0.0555555555555556,"0:45770:0:910",18,18,13730,0.019477322831275,2,NA,NA,NA,NA,NA,910,111,88,28,0
"13862",13862,0.166666666666667,"0:46041:0:668",6,6,13862,0.0142976391772436,2,NA,NA,NA,NA,NA,668,31,17,12,0
"13953",13953,0.333333333333333,"46668:0:51:0",3,3,13953,0.00109158622460992,2,NA,NA,NA,NA,NA,51,4,3,2,0
"14184",14184,0.111111111111111,"0:46647:0:67",9,9,14184,0.00143404464801695,1,NA,NA,NA,NA,NA,67,20,17,12,0.0298507462686567
"14408",14408,0.0208333333333333,"0:10356:0:36255",48,48,14408,0.775989383788874,1,NA,NA,NA,NA,NA,36255,928,433,91,2.75824024272514e-05
"14724",14724,0.0476190476190476,"0:46625:0:82",21,21,14724,0.00175509941996105,12,NA,NA,NA,NA,NA,82,25,17,10,0
"14741",14741,0.25,"0:46579:0:131",4,4,14741,0.00280387834164508,2,NA,NA,NA,NA,NA,131,8,7,4,0
"14768",14768,0.111111111111111,"0:46595:0:114",9,9,14768,0.00244001626677511,4,NA,NA,NA,NA,NA,114,6,6,5,0.0087719298245614
"14786",14786,0.0714285714285714,"0:46460:0:258",14,14,14786,0.00552214207743841,2,NA,NA,NA,NA,NA,258,56,39,18,0
"14805",14805,0.0588235294117647,"0:43362:0:3322",17,17,14805,0.0711029301598853,12,NA,NA,NA,NA,NA,3322,227,146,51,0
"14877",14877,0.1,"0:46631:0:87",10,10,14877,0.00186211767727574,3,NA,NA,NA,NA,NA,87,17,14,8,0
"14925",14925,0.0555555555555556,"0:46624:0:57",18,18,14925,0.00122000813338756,3,NA,NA,NA,NA,NA,57,19,15,8,0
"14937",14937,0.0909090909090909,"0:46651:0:49",11,11,14937,0.00104877892168404,5,NA,NA,NA,NA,NA,49,16,13,7,0.0204081632653061
"15277",15277,0.1,"0:46659:0:53",10,10,15277,0.0011343935275358,2,NA,NA,NA,NA,NA,53,17,13,8,0
"15324",15324,0.032258064516129,"0:45698:0:1003",31,31,15324,0.0214678624173284,3,NA,NA,NA,NA,NA,1003,161,101,40,0
"15354",15354,0.5,"0:83:0:46630",2,2,15354,0.00177650307142399,2,NA,NA,NA,NA,NA,83,7,7,2,0.0120481927710843
"15380",15380,0.0714285714285714,"0:0:46633:66",14,14,15380,0.00141264099655401,8,NA,NA,NA,NA,NA,66,32,22,14,0
"15438",15438,0.142857142857143,"0:0:46623:93",7,7,15438,0.00199053958605338,1,NA,NA,NA,NA,NA,93,27,12,7,0
"15540",15540,0.0714285714285714,"0:46599:0:115",14,14,15540,0.00246141991823805,3,NA,NA,NA,NA,NA,115,34,21,11,0
"15720",15720,0.0434782608695652,"0:46632:0:83",23,23,15720,0.00177650307142399,6,NA,NA,NA,NA,NA,83,22,20,11,0
"15933",15933,0.333333333333333,"0:45967:0:749",3,3,15933,0.0160313349457417,3,NA,NA,NA,NA,NA,749,2,2,2,0
"15960",15960,0.0625,"0:46668:0:49",16,16,15960,0.00104877892168404,3,NA,NA,NA,NA,NA,49,22,17,6,0
"15972",15972,0.5,"46661:0:56:0",2,2,15972,0.00119860448192462,9,NA,NA,NA,NA,NA,56,7,7,5,0
"16260",16260,0.0666666666666667,"0:46529:0:183",15,15,16260,0.00391686821771794,13,NA,NA,NA,NA,NA,183,52,41,16,0
"16289",16289,0.05,"0:46296:0:418",20,20,16289,0.00894672631150874,4,NA,NA,NA,NA,NA,418,43,28,12,0
"16293",16293,0.0909090909090909,"0:46612:0:107",11,11,16293,0.00229019070653453,4,NA,NA,NA,NA,NA,107,18,17,9,0
"16376",16376,0.0769230769230769,"0:46556:0:163",13,13,16376,0.00348879518845915,1,NA,NA,NA,NA,NA,163,19,13,5,0
"16381",16381,0.5,"97:0:46624:0",2,2,16381,0.00207615419190514,4,NA,NA,NA,NA,NA,97,20,10,3,0
"16616",16616,0.0714285714285714,"0:46642:0:72",14,14,16616,0.00154106290533165,8,NA,NA,NA,NA,NA,72,21,16,6,0
"16626",16626,0.2,"0:46653:0:62",5,5,16626,0.00132702639070225,10,NA,NA,NA,NA,NA,62,8,7,4,0
"16647",16647,0.111111111111111,"0:0:46647:63",9,9,16647,0.00134843004216519,8,NA,NA,NA,NA,NA,63,11,12,7,0.0158730158730159
"16762",16762,0.166666666666667,"0:46632:0:82",6,6,16762,0.00175509941996105,5,NA,NA,NA,NA,NA,82,14,9,6,0
"16813",16813,0.333333333333333,"163:0:46555:0",3,3,16813,0.00348879518845915,17,NA,NA,NA,NA,NA,163,2,2,1,0.0184049079754601
"16852",16852,0.0588235294117647,"0:0:46648:63",17,17,16852,0.00134843004216519,1,NA,NA,NA,NA,NA,63,19,17,11,0
"16887",16887,0.0166666666666667,"0:46534:0:172",60,60,16887,0.00368142805162561,10,NA,NA,NA,NA,NA,172,57,40,18,0
"16912",16912,0.125,"0:0:46612:102",8,8,16912,0.00218317244921984,3,NA,NA,NA,NA,NA,102,13,12,6,0
"16968",16968,0.125,"0:0:46034:670",8,8,16968,0.0143404464801695,1,NA,NA,NA,NA,NA,670,5,5,5,0.017910447761194
"17014",17014,0.0909090909090909,"0:0:46645:68",11,11,17014,0.00145544829947989,2,NA,NA,NA,NA,NA,68,16,13,9,0
"17104",17104,0.0714285714285714,"0:46612:0:103",14,14,17104,0.00220457610068278,6,NA,NA,NA,NA,NA,103,29,26,17,0
"17126",17126,0.25,"0:92:0:46623",4,4,17126,0.00196913593459044,1,NA,NA,NA,NA,NA,92,22,9,4,0
"17247",17247,0.125,"0:949:0:45758",8,8,17247,0.0203120652383297,2,NA,NA,NA,NA,NA,949,122,90,36,0.00316122233930453
"17410",17410,0.05,"0:46568:0:141",20,20,17410,0.00301791485627448,4,NA,NA,NA,NA,NA,141,44,34,23,0.049645390070922
"17470",17470,0.166666666666667,"0:46648:0:68",6,6,17470,0.00145544829947989,4,NA,NA,NA,NA,NA,68,24,17,9,0
"17690",17690,0.125,"0:46532:0:141",8,8,17690,0.00301791485627448,4,NA,NA,NA,NA,NA,141,27,23,14,0
"17747",17747,0.0454545454545455,"0:44797:0:1849",22,22,17747,0.0395753515549753,1,NA,NA,NA,NA,NA,1849,119,82,17,0
"17858",17858,0.2,"44840:0:1875:0",5,5,17858,0.0401318464930117,1,NA,NA,NA,NA,NA,1875,118,79,14,0
"18060",18060,0.0625,"0:44798:0:1905",16,16,18060,0.0407739560368999,7,NA,NA,NA,NA,NA,1905,129,91,17,0.0015748031496063
"18086",18086,0.1,"0:46642:0:64",10,10,18086,0.00136983369362813,1,NA,NA,NA,NA,NA,64,18,15,6,0.0625
"18555",18555,0.05,"0:46594:0:123",20,20,18555,0.00263264912994157,2,NA,NA,NA,NA,NA,123,20,18,7,0
"18568",18568,0.0588235294117647,"0:46641:0:76",17,17,18568,0.00162667751118341,1,NA,NA,NA,NA,NA,76,28,18,8,0
"18736",18736,0.333333333333333,"0:296:0:46416",3,3,18736,0.00633548083303011,8,NA,NA,NA,NA,NA,296,64,56,8,0
"18744",18744,0.0588235294117647,"0:46634:0:80",17,17,18744,0.00171229211703517,3,NA,NA,NA,NA,NA,80,24,20,11,0
"18747",18747,0.125,"0:46640:0:74",8,8,18747,0.00158387020825753,3,NA,NA,NA,NA,NA,74,11,8,6,0
"18788",18788,0.0714285714285714,"0:46595:0:120",14,14,18788,0.00256843817555275,6,NA,NA,NA,NA,NA,120,20,12,7,0
"18877",18877,0.0344827586206897,"0:45151:0:1533",29,29,18877,0.0328117976926864,3,NA,NA,NA,NA,NA,1533,201,131,49,0
"18898",18898,0.2,"0:0:46666:54",5,5,18898,0.00115579717899874,4,NA,NA,NA,NA,NA,54,8,7,2,0
"18998",18998,0.5,"0:46315:0:378",2,2,18998,0.00809058025299116,8,NA,NA,NA,NA,NA,378,53,42,14,0
"19374",19374,0.0769230769230769,"0:42893:0:48",13,13,19374,0.0010273752702211,7,NA,NA,NA,NA,NA,48,13,12,9,0
"19488",19488,0.0454545454545455,"0:43280:0:98",22,22,19488,0.00209755784336808,4,NA,NA,NA,NA,NA,98,23,16,9,0
"19509",19509,0.25,"246:0:43029:0",4,4,19509,0.00526529825988314,3,NA,NA,NA,NA,NA,246,43,27,17,0
"19524",19524,0.032258064516129,"0:42600:0:620",31,31,19524,0.0132702639070225,1,NA,NA,NA,NA,NA,620,52,42,17,0
"19677",19677,0.2,"0:0:46552:133",5,5,19677,0.00284668564457096,2,NA,NA,NA,NA,NA,133,11,9,5,0.0075187969924812
"19684",19684,0.0833333333333333,"0:0:46573:117",12,12,19684,0.00250422722116393,3,NA,NA,NA,NA,NA,117,38,35,11,0
"19718",19718,0.142857142857143,"0:46620:0:78",7,7,19718,0.00166948481410929,2,NA,NA,NA,NA,NA,78,17,16,13,0
"19839",19839,0.0666666666666667,"0:1621:0:45085",15,15,19839,0.0346953190214251,4,NA,NA,NA,NA,NA,1621,92,64,30,0
"19999",19999,0.0909090909090909,"0:0:46609:57",11,11,19999,0.00122000813338756,3,NA,NA,NA,NA,NA,57,13,11,8,0.0175438596491228
"20134",20134,0.0769230769230769,"0:0:46586:104",13,13,20134,0.00222597975214572,1,NA,NA,NA,NA,NA,104,29,19,11,0.00961538461538462
"20148",20148,0.0769230769230769,"0:46602:0:72",13,13,20148,0.00154106290533165,6,NA,NA,NA,NA,NA,72,20,16,8,0
"20233",20233,0.0833333333333333,"0:46613:0:58",12,12,20233,0.0012414117848505,1,NA,NA,NA,NA,NA,58,8,8,6,0
"20268",20268,0.0303030303030303,"43793:0:2856:0",33,33,20268,0.0611288285781554,2,NA,NA,NA,NA,NA,2856,266,146,52,0
"20270",20270,0.2,"0:46543:0:124",5,5,20270,0.00265405278140451,2,NA,NA,NA,NA,NA,124,21,10,6,0
"20578",20578,0.166666666666667,"0:0:46483:182",6,6,20578,0.003895464566255,2,NA,NA,NA,NA,NA,182,22,16,10,0
"20580",20580,0.125,"0:0:46612:49",8,8,20580,0.00104877892168404,2,NA,NA,NA,NA,NA,49,10,9,5,0.0204081632653061
"20755",20755,0.1,"46555:116:0:0",10,10,20755,0.00248282356970099,1,NA,NA,NA,NA,NA,116,33,29,10,0.0172413793103448
"21058",21058,0.1,"0:46621:0:63",10,10,21058,0.00134843004216519,1,NA,NA,NA,NA,NA,63,17,13,7,0.0158730158730159
"21137",21137,0.0238095238095238,"46577:0:125:0",42,42,21137,0.00267545643286745,4,NA,NA,NA,NA,NA,125,59,43,21,0
"21242",21242,0.333333333333333,"0:46475:0:75",3,3,21242,0.00160527385972047,9,NA,NA,NA,NA,NA,75,7,5,3,0
"21575",21575,0.00892857142857143,"0:46313:0:355",112,112,21575,0.00759829626934355,3,NA,NA,NA,NA,NA,355,85,60,26,0.0028169014084507
"21614",21614,0.0625,"0:46604:0:89",16,16,21614,0.00190492498020162,2,NA,NA,NA,NA,NA,89,22,16,9,0.0112359550561798
"21624",21624,0.0909090909090909,"0:0:46478:215",11,11,21624,0.00460178506453201,1,NA,NA,NA,NA,NA,215,24,9,5,0.013953488372093
"21648",21648,0.0625,"0:46618:0:73",16,16,21648,0.00156246655679459,2,NA,NA,NA,NA,NA,73,22,19,10,0
"21707",21707,0.04,"0:46614:0:89",25,25,21707,0.00190492498020162,4,NA,NA,NA,NA,NA,89,34,32,13,0
"21724",21724,0.0434782608695652,"0:0:46508:180",23,23,21724,0.00385265726332912,3,NA,NA,NA,NA,NA,180,43,24,16,0.0222222222222222
"21772",21772,0.0625,"0:46653:0:47",16,16,21772,0.00100597161875816,2,NA,NA,NA,NA,NA,47,15,14,8,0
"22225",22225,0.0769230769230769,"0:0:46627:67",13,13,22225,0.00143404464801695,1,NA,NA,NA,NA,NA,67,17,13,8,0.0298507462686567
"22444",22444,0.0588235294117647,"0:44775:0:237",17,17,22444,0.00507266539671668,3,NA,NA,NA,NA,NA,237,44,29,16,0
"22468",22468,0.0588235294117647,"0:0:44972:106",17,17,22468,0.0022687870550716,2,NA,NA,NA,NA,NA,106,37,30,17,0
"22591",22591,0.2,"0:46663:0:55",5,5,22591,0.00117720083046168,1,NA,NA,NA,NA,NA,55,5,5,4,0
"22879",22879,0.333333333333333,"261:46364:0:0",3,3,22879,0.00558635303182723,14,NA,NA,NA,NA,NA,261,8,5,4,0.00766283524904215
"22992",22992,0.333333333333333,"111:0:46492:0",3,3,22992,0.00237580531238629,1,NA,NA,NA,NA,NA,111,9,7,2,0.036036036036036
"23185",23185,0.125,"0:46555:0:162",8,8,23185,0.00346739153699621,6,NA,NA,NA,NA,NA,162,20,17,7,0
"23311",23311,0.0526315789473684,"0:0:46636:81",19,19,23311,0.00173369576849811,4,NA,NA,NA,NA,NA,81,24,14,7,0.0123456790123457
"23403",23403,0.0454545454545455,"10276:0:36346:0",22,22,23403,0.777937116072002,1,NA,NA,NA,NA,NA,36346,936,440,91,0
"23426",23426,0.0555555555555556,"0:0:46652:54",18,18,23426,0.00115579717899874,3,NA,NA,NA,NA,NA,54,18,17,13,0.0925925925925926
"23575",23575,0.2,"0:46665:0:54",5,5,23575,0.00115579717899874,2,NA,NA,NA,NA,NA,54,33,25,14,0
"23586",23586,0.125,"46644:0:75:0",8,8,23586,0.00160527385972047,1,NA,NA,NA,NA,NA,75,10,9,4,0
"23707",23707,0.111111111111111,"0:46591:0:124",9,9,23707,0.00265405278140451,2,NA,NA,NA,NA,NA,124,36,29,17,0
"23731",23731,0.2,"0:45202:0:1502",5,5,23731,0.0321482844973352,3,NA,NA,NA,NA,NA,1502,82,52,33,0
"23868",23868,0.0588235294117647,"0:0:46653:56",17,17,23868,0.00119860448192462,5,NA,NA,NA,NA,NA,56,19,14,12,0.0714285714285714
"23929",23929,0.0666666666666667,"0:45911:0:776",15,15,23929,0.0166092335352411,3,NA,NA,NA,NA,NA,776,103,85,28,0
"24034",24034,0.0625,"0:46327:0:383",16,16,24034,0.00819759851030586,6,NA,NA,NA,NA,NA,383,95,73,17,0
"24047",24047,0.5,"61:0:46657:0",2,2,24047,0.00130562273923931,5,NA,NA,NA,NA,NA,61,15,8,5,0
"24077",24077,0.333333333333333,"0:0:46593:124",3,3,24077,0.00265405278140451,2,NA,NA,NA,NA,NA,124,22,17,13,0.00806451612903226
"24368",24368,0.025,"0:0:46185:511",40,40,24368,0.0109372658975621,1,NA,NA,NA,NA,NA,511,83,29,22,0.0293542074363992
"24694",24694,0.2,"46498:0:0:222",5,5,24694,0.00475161062477259,3,NA,NA,NA,NA,NA,222,58,51,12,0.0045045045045045
"24781",24781,0.2,"0:0:46617:102",5,5,24781,0.00218317244921984,7,NA,NA,NA,NA,NA,102,6,4,4,0.0196078431372549
"24794",24794,0.0909090909090909,"0:0:46653:66",11,11,24794,0.00141264099655401,1,NA,NA,NA,NA,NA,66,20,17,9,0.0151515151515152
"24862",24862,0.2,"46460:0:261:0",5,5,24862,0.00558635303182723,1,NA,NA,NA,NA,NA,261,24,21,17,0
"24904",24904,0.0714285714285714,"0:46654:0:64",14,14,24904,0.00136983369362813,1,NA,NA,NA,NA,NA,64,20,16,10,0
"24923",24923,0.333333333333333,"0:53:0:46664",3,3,24923,0.0011343935275358,2,NA,NA,NA,NA,NA,53,6,3,1,0
"24933",24933,0.0357142857142857,"0:0:46645:51",28,28,24933,0.00109158622460992,5,NA,NA,NA,NA,NA,51,9,9,5,0
"24982",24982,0.2,"0:127:0:44413",5,5,24982,0.00271826373579333,3,NA,NA,NA,NA,NA,127,12,12,3,0
"25088",25088,0.1,"0:0:46658:54",10,10,25088,0.00115579717899874,8,NA,NA,NA,NA,NA,54,35,13,6,0
"25350",25350,0.0666666666666667,"0:46368:0:322",15,15,25350,0.00689197577106654,2,NA,NA,NA,NA,NA,322,50,29,12,0
"25429",25429,0.0588235294117647,"0:0:45764:929",17,17,25429,0.0198839922090709,2,NA,NA,NA,NA,NA,929,61,36,20,0.00215285252960172
"25433",25433,0.0714285714285714,"0:46556:0:149",14,14,25433,0.003189144067978,4,NA,NA,NA,NA,NA,149,30,19,10,0
"25451",25451,0.333333333333333,"0:53:0:46662",3,3,25451,0.0011343935275358,1,NA,NA,NA,NA,NA,53,3,3,2,0
"25459",25459,0.0833333333333333,"0:0:46667:48",12,12,25459,0.0010273752702211,1,NA,NA,NA,NA,NA,48,12,9,7,0
"25494",25494,0.0526315789473684,"0:0:46633:80",19,19,25494,0.00171229211703517,1,NA,NA,NA,NA,NA,80,22,16,10,0.0125
"25528",25528,0.2,"0:46506:0:210",5,5,25528,0.00449476680721731,2,NA,NA,NA,NA,NA,210,21,14,6,0
"25552",25552,0.0909090909090909,"0:0:46497:211",11,11,25552,0.00451617045868025,1,NA,NA,NA,NA,NA,211,20,13,7,0.033175355450237
"25563",25563,0.0256410256410256,"0:0:34760:11861",39,39,25563,0.253868710001926,3,NA,NA,NA,NA,NA,11861,512,266,78,0.00126464884916955
"25572",25572,0.125,"0:46620:0:95",8,8,25572,0.00203334688897926,1,NA,NA,NA,NA,NA,95,23,16,9,0.0105263157894737
"25669",25669,0.142857142857143,"0:46552:0:67",7,7,25669,0.00143404464801695,2,NA,NA,NA,NA,NA,67,7,6,3,0
"25688",25688,0.0909090909090909,"0:46404:0:230",11,11,25688,0.0049228398364761,1,NA,NA,NA,NA,NA,230,48,36,20,0.0521739130434783
"25710",25710,0.0588235294117647,"0:46582:0:64",17,17,25710,0.00136983369362813,1,NA,NA,NA,NA,NA,64,19,15,8,0
"25714",25714,0.0833333333333333,"0:46500:0:142",12,12,25714,0.00303931850773742,2,NA,NA,NA,NA,NA,142,19,11,8,0.00704225352112676
"25728",25728,0.0909090909090909,"0:46573:0:70",11,11,25728,0.00149825560240577,2,NA,NA,NA,NA,NA,70,13,11,8,0
"25783",25783,0.333333333333333,"0:63:0:46599",3,3,25783,0.00134843004216519,1,NA,NA,NA,NA,NA,63,2,2,1,0
"25904",25904,0.037037037037037,"0:46568:0:65",27,27,25904,0.00139123734509107,2,NA,NA,NA,NA,NA,65,31,23,11,0
"25916",25916,0.0434782608695652,"0:46550:0:109",23,23,25916,0.00233299800946041,3,NA,NA,NA,NA,NA,109,36,26,13,0
"25979",25979,0.333333333333333,"0:0:46066:611",3,3,25979,0.0130776310438561,1,NA,NA,NA,NA,NA,611,88,59,26,0
"26029",26029,0.142857142857143,"82:46577:0:0",7,7,26029,0.00175509941996105,1,NA,NA,NA,NA,NA,82,10,6,4,0
"26088",26088,0.2,"0:46444:0:221",5,5,26088,0.00473020697330965,6,NA,NA,NA,NA,NA,221,54,33,17,0
"26144",26144,0.111111111111111,"0:0:43774:2854",9,9,26144,0.0610860212752296,1,NA,NA,NA,NA,NA,2854,215,150,47,0.00175192711983181
"26183",26183,0.5,"46581:0:81:0",2,2,26183,0.00173369576849811,4,NA,NA,NA,NA,NA,81,4,2,1,0
"26233",26233,0.5,"0:0:46586:134",2,2,26233,0.0028680892960339,1,NA,NA,NA,NA,NA,134,28,23,10,0
"26256",26256,0.1,"0:46638:0:80",10,10,26256,0.00171229211703517,6,NA,NA,NA,NA,NA,80,15,13,8,0.0125
"26461",26461,0.0588235294117647,"0:46645:0:57",17,17,26461,0.00122000813338756,3,NA,NA,NA,NA,NA,57,21,15,12,0.0175438596491228
"26527",26527,0.0555555555555556,"0:46654:0:51",18,18,26527,0.00109158622460992,1,NA,NA,NA,NA,NA,51,25,23,15,0
"26530",26530,0.0714285714285714,"46285:0:386:0",14,14,26530,0.00826180946469468,1,NA,NA,NA,NA,NA,386,102,74,38,0.00259067357512953
"26681",26681,0.0256410256410256,"0:46530:0:181",39,39,26681,0.00387406091479206,2,NA,NA,NA,NA,NA,181,43,34,16,0
"26729",26729,0.166666666666667,"0:313:0:46404",6,6,26729,0.00669934290790009,1,NA,NA,NA,NA,NA,313,77,65,12,0
"26735",26735,0.03125,"0:46104:0:591",32,32,26735,0.0126495580145973,5,NA,NA,NA,NA,NA,591,93,56,30,0
"26750",26750,0.166666666666667,"0:46670:0:47",6,6,26750,0.00100597161875816,3,NA,NA,NA,NA,NA,47,4,4,4,0
"26936",26936,0.0909090909090909,"0:46660:0:50",11,11,26936,0.00107018257314698,6,NA,NA,NA,NA,NA,50,16,12,7,0
"27046",27046,0.0434782608695652,"0:46041:0:664",23,23,27046,0.0142120245713919,1,NA,NA,NA,NA,NA,664,99,69,31,0
"27059",27059,0.0909090909090909,"0:46663:0:48",11,11,27059,0.0010273752702211,4,NA,NA,NA,NA,NA,48,14,9,6,0
"27281",27281,0.2,"0:0:46651:56",5,5,27281,0.00119860448192462,4,NA,NA,NA,NA,NA,56,12,7,4,0
"27299",27299,0.166666666666667,"0:139:0:46575",6,6,27299,0.0029751075533486,2,NA,NA,NA,NA,NA,139,40,30,10,0
"27384",27384,0.0263157894736842,"0:173:0:46534",38,38,27384,0.00370283170308855,1,NA,NA,NA,NA,NA,173,52,41,17,0
"27630",27630,0.0666666666666667,"0:46353:0:61",15,15,27630,0.00130562273923931,1,NA,NA,NA,NA,NA,61,17,12,8,0
"27635",27635,0.2,"0:46283:0:124",5,5,27635,0.00265405278140451,1,NA,NA,NA,NA,NA,124,33,33,7,0
"27654",27654,0.142857142857143,"0:46396:0:81",7,7,27654,0.00173369576849811,2,NA,NA,NA,NA,NA,81,8,7,4,0.0123456790123457
"27669",27669,0.5,"46374:0:110:0",2,2,27669,0.00235440166092335,1,NA,NA,NA,NA,NA,110,19,10,6,0.00909090909090909
"27679",27679,0.111111111111111,"0:46422:0:66",9,9,27679,0.00141264099655401,3,NA,NA,NA,NA,NA,66,12,10,8,0
"27703",27703,0.0666666666666667,"0:0:46411:47",15,15,27703,0.00100597161875816,3,NA,NA,NA,NA,NA,47,17,16,10,0
"27877",27877,0.0833333333333333,"0:0:46627:80",12,12,27877,0.00171229211703517,2,NA,NA,NA,NA,NA,80,21,12,7,0.0125
"27964",27964,0.027027027027027,"0:45404:0:1301",37,37,27964,0.0278461505532844,3,NA,NA,NA,NA,NA,1301,70,59,7,0
"27987",27987,0.125,"0:0:46653:54",8,8,27987,0.00115579717899874,2,NA,NA,NA,NA,NA,54,9,8,5,0.0185185185185185
"28086",28086,0.0588235294117647,"0:0:46563:110",17,17,28086,0.00235440166092335,1,NA,NA,NA,NA,NA,110,24,16,8,0.00909090909090909
"28093",28093,0.0434782608695652,"0:46594:0:71",23,23,28093,0.00151965925386871,4,NA,NA,NA,NA,NA,71,19,17,11,0
"28144",28144,0.0625,"0:3680:0:42990",16,16,28144,0.0787654373836176,2,NA,NA,NA,NA,NA,3680,344,218,56,0
"28256",28256,0.125,"0:46615:0:99",8,8,28256,0.00211896149483102,2,NA,NA,NA,NA,NA,99,5,4,3,0.0202020202020202
"28311",28311,0.0666666666666667,"0:45752:0:927",15,15,28311,0.019841184906145,1,NA,NA,NA,NA,NA,927,115,90,30,0.00431499460625674
"28514",28514,0.25,"0:0:46667:47",4,4,28514,0.00100597161875816,2,NA,NA,NA,NA,NA,47,6,6,4,0.0425531914893617
"28531",28531,0.125,"0:46617:0:99",8,8,28531,0.00211896149483102,3,NA,NA,NA,NA,NA,99,8,7,4,0
"28580",28580,0.166666666666667,"0:0:46024:677",6,6,28580,0.0144902720404101,11,NA,NA,NA,NA,NA,677,36,14,10,0.0132939438700148
"28655",28655,0.0833333333333333,"0:0:46655:52",12,12,28655,0.00111298987607286,2,NA,NA,NA,NA,NA,52,10,10,7,0.0384615384615385
"28657",28657,0.0434782608695652,"0:46058:0:649",23,23,28657,0.0138909697994478,2,NA,NA,NA,NA,NA,649,98,66,27,0.00154083204930663
"28688",28688,0.111111111111111,"0:295:0:46411",9,9,28688,0.00631407718156718,1,NA,NA,NA,NA,NA,295,74,71,32,0.00338983050847458
"28708",28708,0.0588235294117647,"0:46660:0:54",17,17,28708,0.00115579717899874,2,NA,NA,NA,NA,NA,54,22,17,7,0.0740740740740741
"28812",28812,0.0526315789473684,"0:0:46640:59",19,19,28812,0.00126281543631344,1,NA,NA,NA,NA,NA,59,27,21,11,0.0338983050847458
"28821",28821,0.5,"141:46566:0:0",2,2,28821,0.00301791485627448,4,NA,NA,NA,NA,NA,141,34,26,7,0
"28836",28836,0.2,"0:46040:0:669",5,5,28836,0.0143190428287066,1,NA,NA,NA,NA,NA,669,31,17,9,0
"28842",28842,0.2,"0:0:46583:125",5,5,28842,0.00267545643286745,1,NA,NA,NA,NA,NA,125,38,26,12,0
"28851",28851,0.04,"0:0:46478:211",25,25,28851,0.00451617045868025,1,NA,NA,NA,NA,NA,211,37,23,10,0.0473933649289099
"28854",28854,0.027027027027027,"0:45359:0:1327",37,37,28854,0.0284026454913208,1,NA,NA,NA,NA,NA,1327,128,84,35,0
"28863",28863,0.0909090909090909,"0:46085:0:624",11,11,28863,0.0133558785128743,2,NA,NA,NA,NA,NA,624,93,62,27,0
"28881",28881,0.0416666666666667,"14123:0:32492:0",24,24,28881,0.302283769611096,1,NA,NA,NA,NA,NA,14123,570,302,76,0.00141612971748212
"28882",28882,0.125,"14102:0:32517:0",8,8,28882,0.301834292930374,1,NA,NA,NA,NA,NA,14102,567,300,76,0.00134732662033754
"28883",28883,0.142857142857143,"0:14101:32533:0",7,7,28883,0.301812889278911,1,NA,NA,NA,NA,NA,14101,567,300,76,0.00035458478122119
"28887",28887,0.0285714285714286,"0:46586:0:118",35,35,28887,0.00252563087262687,1,NA,NA,NA,NA,NA,118,51,34,16,0
"28890",28890,0.5,"0:46660:0:50",2,2,28890,0.00107018257314698,2,NA,NA,NA,NA,NA,50,3,2,2,0
"28896",28896,0.5,"0:46591:113:0",2,2,28896,0.00241861261531217,1,NA,NA,NA,NA,NA,113,34,32,5,0.0265486725663717
"28977",28977,0.2,"0:46548:0:162",5,5,28977,0.00346739153699621,2,NA,NA,NA,NA,NA,162,5,5,4,0
"29095",29095,0.0333333333333333,"0:46570:0:124",30,30,29095,0.00265405278140451,5,NA,NA,NA,NA,NA,124,59,46,18,0
"29144",29144,0.0666666666666667,"0:46594:0:95",15,15,29144,0.00203334688897926,1,NA,NA,NA,NA,NA,95,24,17,11,0
"29148",29148,0.5,"0:150:0:46537",2,2,29148,0.00321054771944094,1,NA,NA,NA,NA,NA,150,46,35,13,0
"29188",29188,0.25,"46623:0:0:51",4,4,29188,0.00109158622460992,6,NA,NA,NA,NA,NA,51,4,4,3,0
"29200",29200,0.05,"0:46600:0:79",20,20,29200,0.00169088846557223,1,NA,NA,NA,NA,NA,79,23,18,11,0
"29353",29353,0.0714285714285714,"0:46611:0:105",14,14,29353,0.00224738340360866,5,NA,NA,NA,NA,NA,105,19,18,6,0
"29402",29402,0.0714285714285714,"0:0:46592:48",14,14,29402,0.0010273752702211,1,NA,NA,NA,NA,NA,48,18,14,9,0.0208333333333333
"29422",29422,0.0666666666666667,"0:0:46556:80",15,15,29422,0.00171229211703517,1,NA,NA,NA,NA,NA,80,16,15,11,0.05
"29451",29451,0.111111111111111,"0:46581:0:67",9,9,29451,0.00143404464801695,2,NA,NA,NA,NA,NA,67,18,17,9,0.0149253731343284
"29474",29474,0.0588235294117647,"0:0:46552:89",17,17,29474,0.00190492498020162,1,NA,NA,NA,NA,NA,89,19,14,10,0
"29540",29540,0.333333333333333,"382:0:46305:0",3,3,29540,0.00817619485884292,1,NA,NA,NA,NA,NA,382,52,42,14,0.0654450261780105
"29553",29553,0.0434782608695652,"587:0:46123:0",23,23,29553,0.0125639434087455,1,NA,NA,NA,NA,NA,587,12,11,4,0.00511073253833049
"29555",29555,0.0526315789473684,"0:46625:0:84",19,19,29555,0.00179790672288692,1,NA,NA,NA,NA,NA,84,20,15,11,0
"29585",29585,0.0714285714285714,"0:46640:0:64",14,14,29585,0.00136983369362813,1,NA,NA,NA,NA,NA,64,17,10,8,0
"29614",29614,0.0285714285714286,"0:46597:0:111",35,35,29614,0.00237580531238629,2,NA,NA,NA,NA,NA,111,43,35,17,0
"29640",29640,0.0714285714285714,"0:46627:0:72",14,14,29640,0.00154106290533165,1,NA,NA,NA,NA,NA,72,18,13,5,0
"29668",29668,0.25,"0:46567:0:65",4,4,29668,0.00139123734509107,2,NA,NA,NA,NA,NA,65,7,7,3,0
"29683",29683,0.5,"46531:0:0:91",2,2,29683,0.0019477322831275,1,NA,NA,NA,NA,NA,91,20,11,7,0.032967032967033
"29700",29700,0.05,"46201:0:327:0",20,20,29700,0.00699899402838124,1,NA,NA,NA,NA,NA,327,76,62,13,0.00305810397553517
"29705",29705,0.111111111111111,"0:0:46370:116",9,9,29705,0.00248282356970099,1,NA,NA,NA,NA,NA,116,21,13,11,0
"29708",29708,0.0833333333333333,"0:46412:0:79",12,12,29708,0.00169088846557223,2,NA,NA,NA,NA,NA,79,24,23,14,0
"29711",29711,0.0625,"0:0:46289:183",16,16,29711,0.00391686821771794,3,NA,NA,NA,NA,NA,183,32,23,10,0.00546448087431694
"29734",29734,0.0769230769230769,"0:504:45903:0",13,13,29734,0.0107874403373215,1,NA,NA,NA,NA,NA,504,93,63,31,0.0257936507936508
"29750",29750,0.04,"0:46262:0:72",25,25,29750,0.00154106290533165,1,NA,NA,NA,NA,NA,72,26,14,10,0.0555555555555556
"29762",29762,0.0909090909090909,"0:46234:0:48",11,11,29762,0.0010273752702211,1,NA,NA,NA,NA,NA,48,12,11,7,0.0833333333333333
"29773",29773,0.2,"0:0:45714:53",5,5,29773,0.0011343935275358,1,NA,NA,NA,NA,NA,53,10,6,3,0.0754716981132075
"29774",29774,0.032258064516129,"0:45698:0:54",31,31,29774,0.00115579717899874,1,NA,NA,NA,NA,NA,54,32,26,13,0.0925925925925926
"29777",29777,0.2,"0:0:45616:101",5,5,29777,0.0021617687977569,1,NA,NA,NA,NA,NA,101,8,6,5,0.0297029702970297
"29784",29784,0.0526315789473684,"0:44447:0:851",19,19,29784,0.0182145073949616,1,NA,NA,NA,NA,NA,851,12,9,5,0
"29827",29827,0.05,"43720:0:0:84",20,20,29827,0.00179790672288692,1,NA,NA,NA,NA,NA,84,10,8,5,0.0357142857142857
"29830",29830,0.0454545454545455,"0:0:42328:78",22,22,29830,0.00166948481410929,1,NA,NA,NA,NA,NA,78,9,8,5,0.0512820512820513
